{
  "val": {
    "macro_f1": 0.3471494099871951,
    "report": {
      "It contains false information": {
        "precision": 0.3648960739030023,
        "recall": 0.155053974484789,
        "f1-score": 0.21763085399449036,
        "support": 1019.0
      },
      "It contains irrelevant information that is not useful": {
        "precision": 0.2208067940552017,
        "recall": 0.38661710037174724,
        "f1-score": 0.2810810810810811,
        "support": 269.0
      },
      "It contains promotional materials": {
        "precision": 0.27393617021276595,
        "recall": 0.6023391812865497,
        "f1-score": 0.376599634369287,
        "support": 171.0
      },
      "It contains threats, lewdness or hate speech": {
        "precision": 0.4268292682926829,
        "recall": 0.21033653846153846,
        "f1-score": 0.28180354267310787,
        "support": 832.0
      },
      "It violates ApartmentRatings' privacy standards": {
        "precision": 0.2838038632986627,
        "recall": 0.2907153729071537,
        "f1-score": 0.28721804511278193,
        "support": 657.0
      },
      "It was posted by a competitor, ex-employee or evicted resident": {
        "precision": 0.36755952380952384,
        "recall": 0.267027027027027,
        "f1-score": 0.30932999373825926,
        "support": 925.0
      },
      "It was posted by someone affiliated with the community": {
        "precision": 0.3495762711864407,
        "recall": 0.5331179321486268,
        "f1-score": 0.42226487523992323,
        "support": 619.0
      },
      "It's for the wrong community": {
        "precision": 0.17364532019704434,
        "recall": 0.46688741721854304,
        "f1-score": 0.25314183123877915,
        "support": 302.0
      },
      "It's influenced by COVID-19 / coronavirus": {
        "precision": 0.23529411764705882,
        "recall": 0.25,
        "f1-score": 0.24242424242424243,
        "support": 32.0
      },
      "OTHER": {
        "precision": 0.6666666666666666,
        "recall": 1.0,
        "f1-score": 0.8,
        "support": 2.0
      },
      "accuracy": 0.30219552609776307,
      "macro avg": {
        "precision": 0.33630140692690497,
        "recall": 0.41620945439059753,
        "f1-score": 0.3471494099871951,
        "support": 4828.0
      },
      "weighted avg": {
        "precision": 0.33913301669571005,
        "recall": 0.30219552609776307,
        "f1-score": 0.2937565456554593,
        "support": 4828.0
      }
    }
  },
  "test": {
    "macro_f1": 0.379716517425553,
    "report": {
      "It contains false information": {
        "precision": 0.4146341463414634,
        "recall": 0.16683022571148184,
        "f1-score": 0.23792862141357593,
        "support": 1019.0
      },
      "It contains irrelevant information that is not useful": {
        "precision": 0.2542016806722689,
        "recall": 0.44814814814814813,
        "f1-score": 0.32439678284182305,
        "support": 270.0
      },
      "It contains promotional materials": {
        "precision": 0.2714285714285714,
        "recall": 0.5588235294117647,
        "f1-score": 0.36538461538461536,
        "support": 170.0
      },
      "It contains threats, lewdness or hate speech": {
        "precision": 0.48936170212765956,
        "recall": 0.22115384615384615,
        "f1-score": 0.304635761589404,
        "support": 832.0
      },
      "It violates ApartmentRatings' privacy standards": {
        "precision": 0.29558823529411765,
        "recall": 0.3059360730593607,
        "f1-score": 0.30067314884068813,
        "support": 657.0
      },
      "It was posted by a competitor, ex-employee or evicted resident": {
        "precision": 0.4031563845050215,
        "recall": 0.3037837837837838,
        "f1-score": 0.34648581997533906,
        "support": 925.0
      },
      "It was posted by someone affiliated with the community": {
        "precision": 0.33537206931702346,
        "recall": 0.5306451612903226,
        "f1-score": 0.41099312929419113,
        "support": 620.0
      },
      "It's for the wrong community": {
        "precision": 0.16707616707616707,
        "recall": 0.44884488448844884,
        "f1-score": 0.24350940017905104,
        "support": 303.0
      },
      "It's influenced by COVID-19 / coronavirus": {
        "precision": 0.22727272727272727,
        "recall": 0.3125,
        "f1-score": 0.2631578947368421,
        "support": 32.0
      },
      "OTHER": {
        "precision": 1.0,
        "recall": 1.0,
        "f1-score": 1.0,
        "support": 1.0
      },
      "accuracy": 0.31642161938289504,
      "macro avg": {
        "precision": 0.385809168403502,
        "recall": 0.4296665652047157,
        "f1-score": 0.379716517425553,
        "support": 4829.0
      },
      "weighted avg": {
        "precision": 0.3682723249834902,
        "recall": 0.31642161938289504,
        "f1-score": 0.31096925205202847,
        "support": 4829.0
      }
    }
  }
}